{
  "month": "2012-11",
  "total_articles": 105,
  "topics": [
    {
      "topic_id": 0,
      "topic_words": [
        "wa",
        "black",
        "white",
        "advertisement",
        "obama",
        "president",
        "right",
        "ha",
        "america",
        "american",
        "democrat",
        "page",
        "house",
        "thanksgiving",
        "romney"
      ],
      "topic_weights": [
        66.31610785761994,
        57.804556007294885,
        51.18223218305393,
        48.44541287427406,
        47.70558031784287,
        44.6337061000242,
        33.32730692610041,
        32.76469526444055,
        32.53631238041264,
        29.73421197626415,
        28.760157497443473,
        27.926569240255688,
        25.408210535011996,
        21.63021078365537,
        21.47060620532001
      ]
    },
    {
      "topic_id": 1,
      "topic_words": [
        "state",
        "wa",
        "government",
        "american",
        "political",
        "ha",
        "federal",
        "war",
        "secession",
        "word",
        "israel",
        "union",
        "life",
        "lincoln",
        "constitution"
      ],
      "topic_weights": [
        235.06534699017524,
        195.69135232435545,
        98.84015265249316,
        87.12238284043869,
        84.40368971493949,
        67.37470179476819,
        61.96059322412631,
        60.06446552086645,
        57.07402506022662,
        50.90607641598251,
        49.75108629366514,
        46.4418263071808,
        46.07027524914652,
        41.83805292718893,
        41.57436191178261
      ]
    },
    {
      "topic_id": 2,
      "topic_words": [
        "obama",
        "romney",
        "wa",
        "vote",
        "ha",
        "president",
        "state",
        "election",
        "republican",
        "party",
        "rice",
        "voter",
        "point",
        "house",
        "attack"
      ],
      "topic_weights": [
        174.0544783016264,
        142.53250119866146,
        139.7880099032789,
        100.39903516302272,
        99.02090331606252,
        97.53248952974693,
        92.89661249192847,
        92.11526020120161,
        86.09348554533929,
        64.11366823453858,
        58.11548496859195,
        55.539421522669365,
        52.25638847079609,
        51.41958218191215,
        51.35882551982377
      ]
    },
    {
      "topic_id": 3,
      "topic_words": [
        "state",
        "marriage",
        "wa",
        "attack",
        "ha",
        "military",
        "security",
        "told",
        "election",
        "obama",
        "benghazi",
        "issue",
        "marine",
        "sex",
        "american"
      ],
      "topic_weights": [
        48.90368866475505,
        44.57165513683822,
        42.07074251639578,
        30.80260969562067,
        21.398026637756672,
        20.679482417692622,
        20.404718689220836,
        19.250486278592913,
        17.603946232941645,
        17.268113500788395,
        16.31003977174489,
        15.356387906292188,
        14.764437124351284,
        14.719274872092754,
        13.234286242440986
      ]
    },
    {
      "topic_id": 4,
      "topic_words": [
        "tax",
        "percent",
        "rate",
        "ha",
        "wa",
        "state",
        "gun",
        "increase",
        "income",
        "dividend",
        "crime",
        "american",
        "business",
        "republican",
        "cut"
      ],
      "topic_weights": [
        214.07786815801438,
        164.8099246671877,
        111.66505668430939,
        97.60006402973585,
        93.9920145043662,
        69.75020038135892,
        68.43019559776457,
        65.15835198020423,
        64.8104093422105,
        53.25453471351994,
        50.647402126116326,
        46.35555684707457,
        45.713568874563606,
        42.88469486233929,
        40.01321362280339
      ]
    }
  ],
  "topic_distribution": {
    "2": 34,
    "0": 19,
    "1": 16,
    "4": 24,
    "3": 12
  },
  "sample_articles_by_topic": {
    "0": [
      {
        "preview": " News: When you hear the word “Benghazi,” with all we know now, what comes to mind? Rumsfeld: Well, the first thing that comes to mind is the loss of life: the four Americans, including the Ambassador...",
        "upvotes": 0,
        "url": "http://www.breitbart.com/Big-Peace/2012/10/31/Breitbart-Exclusive-Donald-Rumsfeld-Speaks-To-Unknowns-That-Are-Now-Known-Regarding-Benghazi"
      },
      {
        "preview": "What did we get after four long years of expertly staged Kabuki-theater-meets-Potemkin-village productions? Sixteen trillion dollars in debt, a pile of dead bodies, troops at increased risk and a gall...",
        "upvotes": 1,
        "url": "http://townhall.com/columnists/michellemalkin/2012/11/02/poser_of_the_united_states_the_photoop_presidency"
      },
      {
        "preview": "The offending post. Screenshot / Facebook / Special Operations Speaks Allegations of liberal media bias are old hat. Facebook just handed the right wing a new rallying cry: social-media bias! Last wee...",
        "upvotes": 5,
        "url": "http://www.slate.com/blogs/future_tense/2012/10/31/facebook_censors_anti_obama_navy_seals_meme_apologizes_breitbart_outraged.html"
      }
    ],
    "1": [
      {
        "preview": "A posting every day; an interesting idea every three months… My neighbors here in Cambridge, Massachusetts, which was only barely touched by Hurricane Sandy, are taking the post-storm cleanup as an oc...",
        "upvotes": 10,
        "url": "http://blogs.law.harvard.edu/philg/2012/10/31/big-storm-calls-for-big-government/"
      },
      {
        "preview": "By Daily Mail Reporter Published: 05:39 EDT, 31 October 2012 | Updated: 06:28 EDT, 31 October 2012 32 View comments More than 20 years after raping and murdering a nine-year-old girl, Donald Moeller w...",
        "upvotes": 15,
        "url": "http://www.dailymail.co.uk/news/article-2225624/Donald-Moeller-death-20-years-raping-murdering-9-year-old-girl-victims-mother-watches.html"
      },
      {
        "preview": "Advertisement Supported by Op-Ed Contributor By Aaron B. O’Connell Annapolis, Md. IN 1961, President Dwight D. Eisenhower left office warning of the growing power of the military-industrial complex in...",
        "upvotes": 6,
        "url": "http://www.nytimes.com/2012/11/05/opinion/the-permanent-militarization-of-america.html?hp&_r=2&"
      }
    ],
    "2": [
      {
        "preview": "© 1998-2021 Nexstar Media Inc. All Rights Reserved Voters have figured out that President ObamaBarack Hussein ObamaBy defeating Newsom recall, pro-choice women would send a powerful message Bidens, fo...",
        "upvotes": 7,
        "url": "http://thehill.com/opinion/columnists/dick-morris/264935-here-comes-the-landslide"
      },
      {
        "preview": "As the CorruptMedia hyperventilates over the juicery released by Quinnipiac today showing Obama winning all of America’s 12,458 electoral votes and Queen for a Day, the one poll they’ve intentionally ...",
        "upvotes": 8,
        "url": "http://www.breitbart.com/Big-Government/2012/10/31/Pew-Obame-early-vote-advantage"
      },
      {
        "preview": "A video showing Pennsylvania’s hard-left Sen. Bob Casey (D) praising ACORN, America’s foremost proponent of voter fraud and mortgage mischief, disappeared recently just in time for next week’s critica...",
        "upvotes": 2,
        "url": "http://www.breitbart.com/Big-Government/2012/10/31/Bob-Casey-Acorn"
      }
    ],
    "3": [
      {
        "preview": "The Latest Politics, News & Election Videos \"I really believe, having read it, that it is the smoking gun warning here. You've got this emergency meeting in Benghazi, less than a month before the atta...",
        "upvotes": 2,