{
  "month": "2013-06",
  "total_articles": 120,
  "topics": [
    {
      "topic_id": 0,
      "topic_words": [
        "obama",
        "wa",
        "ha",
        "president",
        "government",
        "state",
        "administration",
        "percent",
        "policy",
        "american",
        "power",
        "national",
        "news",
        "program",
        "agency"
      ],
      "topic_weights": [
        318.73274723308765,
        194.29306594652837,
        169.5551612119314,
        136.0982361785167,
        112.86713676769817,
        102.99883100608412,
        98.05788973286269,
        86.8547124818837,
        85.25004332397071,
        79.79986957248447,
        71.86854030076863,
        64.0388906415439,
        60.75215775515836,
        55.36878263152964,
        54.33978323283658
      ]
    },
    {
      "topic_id": 1,
      "topic_words": [
        "wa",
        "republican",
        "obama",
        "advertisement",
        "ha",
        "abortion",
        "democrat",
        "party",
        "american",
        "taliban",
        "state",
        "house",
        "right",
        "medium",
        "senator"
      ],
      "topic_weights": [
        118.42329197910763,
        107.2239967907547,
        102.39189056540353,
        89.55380552377193,
        82.95426808590308,
        82.68949807515482,
        77.75431569699685,
        73.90864312775042,
        72.31013037278241,
        69.40085451906197,
        65.25335264447278,
        65.13270575213856,
        64.07706739648249,
        53.48423063844457,
        50.8987019043445
      ]
    },
    {
      "topic_id": 2,
      "topic_words": [
        "american",
        "egypt",
        "wa",
        "egyptian",
        "marine",
        "gun",
        "country",
        "war",
        "america",
        "government",
        "military",
        "conservative",
        "group",
        "ha",
        "power"
      ],
      "topic_weights": [
        65.3342139980899,
        63.14917767865975,
        60.116049250989086,
        46.49319171780389,
        40.594606079340934,
        28.49889051382742,
        28.470918891978897,
        28.37781061387917,
        27.12587688540017,
        26.58343621533465,
        25.087573802025744,
        23.379102204057986,
        22.09345237429286,
        21.692517277251614,
        21.07232139228551
      ]
    },
    {
      "topic_id": 3,
      "topic_words": [
        "immigration",
        "border",
        "illegal",
        "democrat",
        "ha",
        "republican",
        "state",
        "law",
        "immigrant",
        "reform",
        "log",
        "city",
        "change",
        "security",
        "account"
      ],
      "topic_weights": [
        121.57162711234689,
        75.21578794201832,
        66.83561220418876,
        61.06447073455054,
        58.836440745175715,
        44.75717529124759,
        44.12291369362066,
        43.042669357033134,
        39.55500384849207,
        37.09117404432166,
        36.94361351806919,
        35.48227346172164,
        34.69082846165312,
        33.36586769286211,
        33.258682497694046
      ]
    },
    {
      "topic_id": 4,
      "topic_words": [
        "wa",
        "sexual",
        "abuse",
        "study",
        "sex",
        "rate",
        "behavior",
        "conservative",
        "orientation",
        "ha",
        "cause",
        "sexually",
        "gay",
        "woman",
        "homosexuality"
      ],
      "topic_weights": [
        99.55466324287679,
        61.264426669103806,
        43.41173532364138,
        36.77261095324076,
        29.840462780646682,
        26.85706574139032,
        26.594681324679303,
        26.328424519783063,
        25.43246426404179,
        24.407798042300143,
        23.391285210750503,
        22.528159885544405,
        22.34306657832122,
        22.052127668915805,
        20.799016912721594
      ]
    }
  ],
  "topic_distribution": {
    "0": 53,
    "4": 8,
    "3": 19,
    "2": 5,
    "1": 35
  },
  "sample_articles_by_topic": {
    "0": [
      {
        "preview": "This material may not be published, broadcast, rewritten, or redistributed. ©2021 FOX News Network, LLC. All rights reserved. Quotes displayed in real-time or delayed by at least 15 minutes. Market da...",
        "upvotes": 10,
        "url": "http://www.foxnews.com/world/2013/05/31/us-to-blame-for-jailing-hero-bin-laden-doctor-says-pakistani-report/"
      },
      {
        "preview": "Yes, this is like shooting fish in a rain barrel, as Reason TV discovered when it began asking protesters in Los Angeles why the Koch brothers shouldn’t be allowed to buy the Los Angeles Times. Zach W...",
        "upvotes": 6,
        "url": "http://hotair.com/archives/2013/05/31/protesters-explain-kochs-must-not-buy-la-times-because-tolerance/"
      },
      {
        "preview": "Follow Us National Review FBI Investigates Alleged Attack on Female Soldier by Male Afghan Refugees at New Mexico Base Republicans Tout ‘a More Conservative Direction’ in Defense-Policy Bill Mayorkas ...",
        "upvotes": 7,
        "url": "http://www.nationalreview.com/article/349733/obamas-dorothy-doctrine-charles-krauthammer"
      }
    ],
    "1": [
      {
        "preview": "Advertisement Barack Obama is the worst jobs president since the Great Depression. In May the unemployment rate jumped again to 7.6% . Created by Harold Powell Employers added 175,000 jobs in May. FOX...",
        "upvotes": 19,
        "url": "http://www.thegatewaypundit.com/2013/06/worst-jobs-president-ever-unemployment-rate-jumps-to-7-6/"
      },
      {
        "preview": "By Rachel Quigley Published: 10:37 EDT, 6 June 2013 | Updated: 13:50 EDT, 6 June 2013 200 View comments A 911 operator has been fired for allegedly posting numerous racist remarks on her Facebook page...",
        "upvotes": 1,
        "url": "http://www.dailymail.co.uk/news/article-2336911/Racist-Facebook-rants-gets-911-operator-April-Sims-fired.html?ICO=most_read_module"
      },
      {
        "preview": "At this point we still do not know who is responsible for the IRS targeting scandal but if we believe the testimony of two lower level IRS employees from Cincinnati the order to target conservative ca...",
        "upvotes": 1,
        "url": "http://americaswatchtower.com/2013/06/07/is-barack-obamas-former-personal-white-house-attorney-robert-bauer-the-man-responsible-for-having-the-irs-target-conservatives/"
      }
    ],
    "2": [
      {
        "preview": "In Her Own Words \"The most merciful thing that a large family does to one of its infant members is to kill it.\" Margaret Sanger, Women and the New Race (Eugenics Publ. Co., 1920, 1923) ...",
        "upvotes": 11,
        "url": "http://www.dianedew.com/sanger.htm"
      },
      {
        "preview": "about @ @gmail.com reddit archive rss A moral argument must be universal, or it’s just bigotry. “If you do nothing wrong, you have nothing to hide” either applies to everyone, including those who snoo...",
        "upvotes": 6,
        "url": "http://blog.oleganza.com/post/52698404368/you-have-no-rights"
      },
      {
        "preview": "Obama is famous for having brought \"The Chicago Way\" to national politics, to the character of the presidency. What does this mean, exactly? In politics, Leftists pursue power while conservatives purs...",
        "upvotes": 2,
        "url": "http://www.americanthinker.com/blog/2013/06/lois_lerner_the_face_of_obamacare.html"
      }
    ],
    "3": [
      {
        "preview": "This week, Israeli Prime Minister Benjamin Netanyahu has touted the success of a new border fence that Israel built along its boundary with Egypt to stop illegal infiltrators. In a statement posted at...",
        "upvotes": 45,