{
  "month": "2014-05",
  "total_articles": 80,
  "topics": [
    {
      "topic_id": 0,
      "topic_words": [
        "health",
        "care",
        "obamacare",
        "doctor",
        "plan",
        "wa",
        "drug",
        "network",
        "tax",
        "sam",
        "medical",
        "ha",
        "obama",
        "center",
        "act"
      ],
      "topic_weights": [
        44.05505288172023,
        28.715650954518274,
        24.56547677518673,
        17.993572868563003,
        14.09856769433679,
        13.541768587991657,
        13.352791225243335,
        13.048991968304767,
        11.889976408413188,
        11.839551014813344,
        11.82925663125281,
        11.520941774542328,
        11.213938001474622,
        10.795716974390277,
        10.424253662635998
      ]
    },
    {
      "topic_id": 1,
      "topic_words": [
        "gun",
        "ha",
        "conservative",
        "military",
        "america",
        "company",
        "chinese",
        "lame",
        "york",
        "republican",
        "duck",
        "american",
        "session",
        "official",
        "state"
      ],
      "topic_weights": [
        20.633598333624178,
        17.787523783774805,
        15.006559023649269,
        14.352003662347046,
        13.226629207738897,
        13.11554545430392,
        12.267336509516513,
        11.92213013231723,
        11.621915564743723,
        11.480111010075078,
        11.451400562386443,
        11.339542596267805,
        10.430007032365102,
        9.435438224702917,
        9.411739857397452
      ]
    },
    {
      "topic_id": 2,
      "topic_words": [
        "wa",
        "ha",
        "american",
        "obama",
        "president",
        "state",
        "republican",
        "house",
        "tax",
        "work",
        "public",
        "america",
        "race",
        "democrat",
        "government"
      ],
      "topic_weights": [
        197.99176360770517,
        156.50347982300784,
        102.97757417726329,
        87.11585177087076,
        76.56432015405537,
        68.48904966924933,
        59.87454399627146,
        59.71888448484695,
        59.61923572460726,
        56.9847983836783,
        55.773831037501495,
        45.961386877114485,
        41.70229865343716,
        41.698803916682266,
        40.60966582983157
      ]
    },
    {
      "topic_id": 3,
      "topic_words": [
        "wa",
        "law",
        "republican",
        "voter",
        "rule",
        "school",
        "clinton",
        "party",
        "democrat",
        "advertisement",
        "paul",
        "ha",
        "state",
        "comment",
        "gop"
      ],
      "topic_weights": [
        75.6975324463343,
        64.7322242156559,
        46.85483064791517,
        38.84419329012925,
        38.707227168721516,
        38.58441047228135,
        37.50507539151784,
        36.053810808192125,
        28.985679646350874,
        27.533986317257718,
        27.42630430766793,
        27.40237475600964,
        26.092040297913545,
        23.04053833530393,
        22.223084901814705
      ]
    },
    {
      "topic_id": 4,
      "topic_words": [
        "wa",
        "ha",
        "service",
        "father",
        "fcc",
        "internet",
        "child",
        "inequality",
        "life",
        "provider",
        "idea",
        "percent",
        "school",
        "marxist",
        "old"
      ],
      "topic_weights": [
        49.306742327433646,
        43.270944457308005,
        40.61742887683651,
        39.86005079713102,
        34.763441213277105,
        34.72624478730243,
        32.57614445227799,
        30.083968724720613,
        30.0561605439976,
        26.404093927392548,
        25.97776801694622,
        25.703519102288208,
        24.524186072244188,
        23.943073699902165,
        20.12190781132045
      ]
    }
  ],
  "topic_distribution": {
    "2": 47,
    "4": 5,
    "3": 16,
    "0": 7,
    "1": 5
  },
  "sample_articles_by_topic": {
    "0": [
      {
        "preview": "Irma Montalvo tells USA Today seeing a Tijuana doctor only costs $15 and that she likes her Mexican doctor better. “She listens to me,” said Montalvo, a U.S. citizen who was born in Mexico, said in Sp...",
        "upvotes": 21,
        "url": "http://www.breitbart.com/Breitbart-California/2014/05/08/CA-Obamacare-Patients-Driving-to-Tijuana-Mexico-for-Cheaper-Faster-Care"
      },
      {
        "preview": "Posted at 2:30 pm on May 11, 2014 by Lori Z. Florida State University linebacker DeMarcus Walker noticed a little something after the immediate media (and presidential) squeeing over the St. Louis Ram...",
        "upvotes": 1,
        "url": "http://twitchy.com/2014/05/11/twisted-fsu-linebacker-others-notice-head-shaking-michael-sam-tim-tebow-comparison-pic/"
      },
      {
        "preview": "May 14, 2014 4 min read When Obamacare operatives aren't busy trashing the private health insurance market and squandering billions on useless technology, they're busy ... being idle. File the latest ...",
        "upvotes": 4,
        "url": "http://www.creators.com/conservative/michelle-malkin/cash-for-obamacare-shirkers.html"
      }
    ],
    "1": [
      {
        "preview": "Sign In Manage Newsletters Shameless politicians use 9/11 to lecture America about “unity” Biden’s forced COVID-19 vaccine attack on minorities Dems’ totalitarian overreach threatens Americans’ liveli...",
        "upvotes": 0,
        "url": "http://www.washingtontimes.com/news/2014/may/13/phillips-republican-promise-no-lame-duck/"
      },
      {
        "preview": "Senator Charles Schumer (D-NY) lost his “assault weapons” jobs. Remington Outdoor Company (ROC) announced it’s moving its Bushmaster rifle and Remington Model 1911 pistol production lines from its nea...",
        "upvotes": 48,
        "url": "http://www.forbes.com/sites/frankminiter/2014/05/16/americas-oldest-gun-maker-thumbs-its-nose-at-a-two-faced-senator/"
      },
      {
        "preview": "ADVERTISEMENT SHARE Having won its battles on gays in the military and women in combat, and despite being engaged in heavy fighting in its attempt to rid the military of sexual assault, the New York T...",
        "upvotes": 0,
        "url": "http://freebeacon.com/culture/ny-times-1-in-every-100-u-s-servicemen-are-transgendered/"
      }
    ],
    "2": [
      {
        "preview": "Liberals see most of our ills resulting from our straying from the righteous path set forth for us by leaders like FDR and LBJ. Their impassioned narrative has deep roots in American society. The deba...",
        "upvotes": 8,
        "url": "http://www.the-american-interest.com/wrm/2014/04/22/the-left-liberal-narrative/"
      },
      {
        "preview": "The California Latino Legislative Caucus is one of several ethnic caucuses in the California state legislature. However, according to investigative journalist Steven Greenhut, it is the only one that ...",
        "upvotes": 0,
        "url": "http://www.breitbart.com/Breitbart-California/2014/04/30/California-Latino-Caucus-Shuts-Out-Republican-Chavez"
      },
      {
        "preview": "A few weeks ago we said that the establishment Republican Party’s Capitol Hill “leadership” was just plain lying about having no plan to pass a bill granting amnesty to illegal aliens once the GOP pri...",
        "upvotes": 6,
        "url": "https://www.google.com/url?q=http%3A%2F%2Fwww.conservativehq.com%2Farticle%2F17093-mcmorris-rogers-admits-gop-leaders-lying-about-plan-pass-amnesty&ct=ga&cd=CAEYBSoTNjEzMzkzNzI1OTk4NDkxNTc5MjIaYTUyZjhhMmY0NDIzNTViNDpjb206ZW46VVM&usg=AFQjCNGWOTks07-Ikqk2plJTfBI6x4iLCw"
      }
    ],
    "3": [
      {
        "preview": "Whitefish Mountain Ski Resort in Montana is home to a World War II memorial which one group of atheists is intent on bringing down. The Knights of Columbus installed the 6-foot-tall Jesus to honor Arm...",